first_name,last_name,email,address1,city,phone,zip,country
Codee,Signori,csignori0@wikimedia.org,17th Floor,Thị Trấn Kim Tân,2218499342,SMV,Vietnam
Ivie,Metterick,imetterick1@bbc.co.uk,13th Floor,Katsuyama,6278385978,MFW,Japan
Bord,Tarrier,btarrier2@nature.com,PO Box 77622,Ambarita,5669625140,AGV,Indonesia
Sam,Bohlsen,sbohlsen3@acquirethisname.com,Apt 1841,Shuiche,3511844167,OCJ,China
Ambrosi,Ripley,aripley4@alexa.com,Room 563,Igreja,8212764037,SKO,Portugal
Mike,Candelin,mcandelin5@intel.com,Suite 26,Rzhev,2971384706,TKQ,Russia
Cecile,Wakley,cwakley6@nsw.gov.au,Suite 61,Pingli,5793221488,AIN,China
Odell,Bisset,obisset7@digg.com,Apt 869,Varoška Rijeka,6965188814,0,Bosnia and Herzegovina
Buiron,Cayton,bcayton8@cnet.com,Suite 40,Tancheng,8267811731,HBX,China
Shermie,Ferschke,sferschke9@msu.edu,Suite 27,Szeged,7311792751,ARK,Hungary
Josiah,Peterffy,jpeterffya@arstechnica.com,11th Floor,Yangdenghu,6428368736,DKI,China
Laina,Madner,lmadnerb@addthis.com,Suite 95,Novomyshastovskaya,5581670606,BFI,Russia
Doris,Rhodus,drhodusc@friendfeed.com,PO Box 74789,Fīrūzābād,4795138208,VAM,Iran
Jonas,Goudie,jgoudied@europa.eu,Suite 27,Kineshma,4297586983,DBN,Russia
Norene,Braunstein,nbraunsteine@ucla.edu,Apt 1067,Umpak,3093109667,CGG,Indonesia
Terrel,Tendahl,ttendahlf@g.co,Apt 159,Banquero,7088969281,LZY,Philippines
Ogden,Wrankmore,owrankmoreg@cpanel.net,20th Floor,Hanyuan,9075773595,PMY,China
Jerald,Gahan,jgahanh@goodreads.com,PO Box 42622,Jerusalem,3825360837,SRE,Israel
Florie,Myall,fmyalli@nifty.com,Suite 86,Bang Rakam,6943281443,ERE,Thailand
Marie,Bambrick,mbambrickj@independent.co.uk,17th Floor,Changwon,4767614731,0,South Korea
Skelly,Pancoust,spancoustk@jigsy.com,PO Box 67048,Santa Cruz,1931895767,BSM,Portugal
Tremaine,Schneidar,tschneidarl@nsw.gov.au,Room 1796,San Miguelito,2696349687,PCN,Panama
Andie,Jorin,ajorinm@photobucket.com,PO Box 84119,Murindó,5557693039,CET,Colombia
Neale,Mustchin,nmustchinn@guardian.co.uk,Room 1186,Vänersborg,8853857505,GTG,Sweden
Yale,Licciardiello,ylicciardielloo@psu.edu,Apt 343,Rivera,2152488632,ERC,Uruguay
Nathanial,Metzke,nmetzkep@vk.com,Apt 804,Korfovskiy,4403201775,YQU,Russia
Aubrie,Tegeller,ategellerq@oracle.com,Room 471,Astara,1102218743,DUE,Azerbaijan
Adriano,Ruffey,aruffeyr@yolasite.com,Room 204,Grimstad,2387361538,BYW,Norway
Michele,Saurat,msaurats@spotify.com,16th Floor,Dongzha,3816897137,KPA,China
Luci,Lasselle,llassellet@meetup.com,Room 1190,Mojokerto,7687770247,JAM,Indonesia
Francesca,Rathjen,frathjenu@wordpress.org,14th Floor,Baoshui,2471890102,BLB,China
Thaxter,Thrift,tthriftv@artisteer.com,Room 465,Corvite,9648242709,TKX,Portugal
Bat,Towsie,btowsiew@wp.com,Room 666,Ipatinga,1241718646,WLW,Brazil
Pattie,Witnall,pwitnallx@1688.com,PO Box 8578,Petrikov,3807375332,ASR,Ukraine
Rochella,Southcombe,rsouthcombey@yelp.com,Suite 1,Baltimore,4108359798,HNN,United States
Caitlin,Mawhinney,cmawhinneyz@rambler.ru,Suite 26,Tsuma,9674234224,MEY,Japan
Warren,Durdle,wdurdle10@hhs.gov,15th Floor,Ikar,4617435395,LOF,Indonesia
Bartlett,Folke,bfolke11@mit.edu,7th Floor,Longxi,5201691272,HRZ,China
Coreen,Stanes,cstanes12@rakuten.co.jp,Suite 2,Ath,4277534730,BXP,Belgium
Monte,Waldera,mwaldera13@irs.gov,8th Floor,Al Mijlad,1193995249,NJA,Sudan
Lu,Dulany,ldulany14@soundcloud.com,Apt 358,Altamira,5012775645,MPV,Venezuela
Markus,Ungerechts,mungerechts15@live.com,5th Floor,Diaofeng,3525929999,ART,China
Garek,Hadny,ghadny16@aboutads.info,Room 1333,Novoul’yanovsk,2547800953,ODC,Russia
Ashlen,Creagh,acreagh17@w3.org,PO Box 18184,Lap Lae,7284811976,ISS,Thailand
Fredek,Mattacks,fmattacks18@liveinternet.ru,Suite 12,Paris 16,2956569178,NLO,France
Tildi,Couvert,tcouvert19@cbsnews.com,Apt 88,Morrison,7456335395,CYI,Argentina
Aretha,Bentote,abentote1a@wikimedia.org,PO Box 18959,Köping,1094733591,KOU,Sweden
Normie,Heffron,nheffron1b@dropbox.com,3rd Floor,Xichangmen,2945814153,CMT,China
Cinnamon,Tumpane,ctumpane1c@wufoo.com,Apt 1838,Santa Lucía Cotzumalguapa,8122685509,TEM,Guatemala
Emlynne,Arling,earling1d@senate.gov,Room 1804,Taquari,6324459505,GLP,Brazil
Dick,Willatt,dwillatt1e@skype.com,Suite 87,Pandansari,8346220775,HHQ,Indonesia
Harriet,Straniero,hstraniero1f@xrea.com,Room 1361,Philadelphia,2154516500,AGV,United States
Adriaens,Freezor,afreezor1g@lycos.com,14th Floor,Chiang Mai,6821077039,TIR,Thailand
Jerad,Immings,jimmings1h@walmart.com,Suite 95,Wuhu,9192195233,BVV,China
Waiter,Pietersen,wpietersen1i@wikispaces.com,PO Box 93181,Nuamuzi,6189801073,SPG,Indonesia
Andriette,Garahan,agarahan1j@sun.com,19th Floor,Lewoluo,1008109668,KPL,Indonesia
Pate,Vedeshkin,pvedeshkin1k@bandcamp.com,Room 683,Biliran,9639499634,MWY,Philippines
Townsend,Pointing,tpointing1l@gov.uk,15th Floor,Shuigou’ao,6167521888,YKD,China
Reagen,Cromarty,rcromarty1m@house.gov,Apt 1179,Xiazhai,3419141815,PGU,China
Lynn,Gianasi,lgianasi1n@wired.com,9th Floor,Hongping,9836963592,LKU,China
Keefe,Di Roberto,kdiroberto1o@sitemeter.com,Apt 1707,Barda,9915657966,CPS,Azerbaijan
Wayne,Buttriss,wbuttriss1p@123-reg.co.uk,Room 1417,Shuangmiao,2491349879,DWF,China
Consalve,Negro,cnegro1q@cpanel.net,Suite 93,Jatimulyo,7987181457,ENW,Indonesia
Carleton,Farndale,cfarndale1r@hp.com,Suite 100,Pivovarikha,5547030969,0,Russia
Ileane,Castagnier,icastagnier1s@foxnews.com,2nd Floor,Oibioin,4844024579,KKW,Indonesia
Nanni,Denys,ndenys1t@desdev.cn,PO Box 63988,Harding,3621529759,MLA,South Africa
Corrinne,Fairbank,cfairbank1u@msn.com,Suite 52,Vientiane,1188063439,CMF,Laos
Devland,Featonby,dfeatonby1v@wordpress.com,12th Floor,Sudimoro,6496739833,SKT,Indonesia
Cori,Allso,callso1w@fc2.com,Suite 49,Xindong,7169877141,AAU,China
Whittaker,Bard,wbard1x@etsy.com,Room 621,Dzięgielów,6047836527,GLX,Poland
Arly,Rentcome,arentcome1y@godaddy.com,Room 1758,Himaya,9839746249,KQT,Philippines
Phelia,Petren,ppetren1z@reverbnation.com,PO Box 91035,São Roque,2467041956,OVS,Brazil
Aggie,Hammersley,ahammersley20@dedecms.com,PO Box 92734,Xihanling,7281037406,AEO,China
Demetria,Roobottom,droobottom21@redcross.org,Apt 570,Limushan,2946829563,TMJ,China
Alanna,Figure,afigure22@slashdot.org,2nd Floor,Chervyen’,5477324316,BGZ,Belarus
Shaw,McAlindon,smcalindon23@hibu.com,PO Box 8802,Furmanov,9368440650,HOS,Russia
Sherwood,Brodest,sbrodest24@cpanel.net,Suite 39,Jinchang,6678391672,ZAG,China
Elmer,Wildt,ewildt25@senate.gov,Apt 1959,Aurora,1324276193,SIT,Philippines
Talbot,Banham,tbanham26@wunderground.com,Apt 568,Hebu,6252589647,KAN,China
Stacey,Golds,sgolds27@rambler.ru,PO Box 71107,Fukuoka-shi,7391046534,OYL,Japan
Panchito,Mealing,pmealing28@ucoz.com,Room 778,Lixin,4813925524,FRU,China
Donaugh,Zucker,dzucker29@unicef.org,8th Floor,Dallas,2146395362,GUZ,United States
Jedediah,Divina,jdivina2a@pbs.org,Suite 86,Rio Claro,3818764587,JKR,Brazil
Lay,Hinrichsen,lhinrichsen2b@github.io,9th Floor,Unidad,7815813983,TDN,Philippines
Elly,Vedeshkin,evedeshkin2c@clickbank.net,PO Box 14487,General Lavalle,7335374405,CBW,Argentina
Jill,Stopper,jstopper2d@jigsy.com,Apt 1462,Shuangshi,3662700581,MCC,China
Eduard,Scarce,escarce2e@sakura.ne.jp,Suite 38,Hola Prystan’,8729850994,HWA,Ukraine
Marguerite,Bricksey,mbricksey2f@fotki.com,Apt 1017,Pereyaslovskaya,7505233054,KRN,Russia
Farah,Camerana,fcamerana2g@ca.gov,Suite 40,Offa,7108349919,JIW,Nigeria
Tiphany,Rucklesse,trucklesse2h@rambler.ru,PO Box 28022,Kybartai,3272784913,RDZ,Lithuania
Ranice,Coote,rcoote2i@dagondesign.com,7th Floor,Koshki,8763473694,GWN,Russia
Wallis,Cancellor,wcancellor2j@booking.com,Room 1838,Zdounky,6017769402,KEL,Czech Republic
Randee,Sandwick,rsandwick2k@weather.com,Suite 28,Mulhouse,3553207885,KBR,France
Harlin,Newstead,hnewstead2l@miibeian.gov.cn,7th Floor,Georgiyevka,5706471193,KCE,Russia
Evan,Borer,eborer2m@nhs.uk,PO Box 85860,Kavallári,1782752343,CSB,Greece
Kaia,Dallender,kdallender2n@tripod.com,Suite 21,Dorotea,3141991148,RBE,Sweden
Isaac,Ferretti,iferretti2o@virginia.edu,Apt 760,Hyżne,4738561944,BFG,Poland
Richie,Atterbury,ratterbury2p@scribd.com,Apt 1661,Xiaozhi,1972313350,YAG,China
Bev,Lantuffe,blantuffe2q@phpbb.com,Room 1595,Diamantina,8875665576,KFA,Philippines
Burnard,Poltone,bpoltone2r@typepad.com,PO Box 32046,La Paz,2378277397,VIX,Argentina
