first_name,last_name,email,address1,city,phone,zip,country
Codee,Signori,csignori0@wikimedia.org,17th Floor,Thị Trấn Kim Tân,2218499342,SMV,Vietnam
Ivie,Metterick,imetterick1@bbc.co.uk,13th Floor,Katsuyama,6278385978,MFW,Japan
Bord,Tarrier,btarrier2@nature.com,PO Box 77622,Ambarita,5669625140,AGV,Indonesia
Sam,Bohlsen,sbohlsen3@acquirethisname.com,Apt 1841,Shuiche,3511844167,OCJ,China
Ambrosi,Ripley,aripley4@alexa.com,Room 563,Igreja,8212764037,SKO,Portugal
Mike,Candelin,mcandelin5@intel.com,Suite 26,Rzhev,2971384706,TKQ,Russia
Cecile,Wakley,cwakley6@nsw.gov.au,Suite 61,Pingli,5793221488,AIN,China
Odell,Bisset,obisset7@digg.com,Apt 869,Varoška Rijeka,6965188814,0,Bosnia and Herzegovina
Buiron,Cayton,bcayton8@cnet.com,Suite 40,Tancheng,8267811731,HBX,China
